week,facebook_spend,google_spend,tiktok_spend,instagram_spend,snapchat_spend,social_followers,average_price,promotions,emails_send,sms_send,revenue,facebook_spend_adstock,tiktok_spend_adstock,instagram_spend_adstock,snapchat_spend_adstock,google_spend_adstock,facebook_spend_adstock_lag1,facebook_spend_adstock_lag2,facebook_spend_adstock_lag4,tiktok_spend_adstock_lag1,tiktok_spend_adstock_lag2,tiktok_spend_adstock_lag4,instagram_spend_adstock_lag1,instagram_spend_adstock_lag2,instagram_spend_adstock_lag4,snapchat_spend_adstock_lag1,snapchat_spend_adstock_lag2,snapchat_spend_adstock_lag4,google_spend_adstock_lag1,google_spend_adstock_lag2,google_spend_adstock_lag4,average_price_lag1,average_price_lag2,average_price_lag4,promotions_lag1,promotions_lag2,promotions_lag4,emails_send_lag1,emails_send_lag2,emails_send_lag4,sms_send_lag1,sms_send_lag2,sms_send_lag4,social_followers_lag1,social_followers_lag2,social_followers_lag4,fourier_sin_1,fourier_cos_1,fourier_sin_2,fourier_cos_2,fourier_sin_3,fourier_cos_3,trend_weeks,revenue_roll4,revenue_roll12,weekofyear,month
2023-09-17,6030.8,3130.14,2993.22,1841.08,2204.72,0,101.95,0,102684,20098,83124.16,8.704800752639429,8.00443904257395,7.518650646925354,7.698809265193673,8.049152434475593,8.704800752639429,8.704800752639429,8.704800752639429,8.00443904257395,8.00443904257395,8.00443904257395,7.518650646925354,7.518650646925354,7.518650646925354,7.698809265193673,7.698809265193673,7.698809265193673,8.049152434475593,8.049152434475593,8.049152434475593,101.95,101.95,101.95,0.0,0.0,0.0,102684.0,102684.0,102684.0,20098.0,20098.0,20098.0,0.0,0.0,0.0,0.0,1.0,0.0,1.0,0.0,1.0,0.0,83124.16,83124.16,37,9
2023-09-24,5241.44,2704.0,0.0,0.0,0.0,0,103.86,0,96573,29920,373.02,9.159768877657731,7.658003780444326,7.172301893242562,7.35242344791958,8.500727008885818,8.704800752639429,8.704800752639429,8.704800752639429,8.00443904257395,8.00443904257395,8.00443904257395,7.518650646925354,7.518650646925354,7.518650646925354,7.698809265193673,7.698809265193673,7.698809265193673,8.049152434475593,8.049152434475593,8.049152434475593,101.95,101.95,101.95,0.0,0.0,0.0,102684.0,102684.0,102684.0,20098.0,20098.0,20098.0,0.0,0.0,0.0,0.12053668025532305,0.992708874098054,0.23931566428755774,0.970941817426052,0.3546048870425356,0.9350162426854148,1.0,41748.590000000004,41748.590000000004,38,9
2023-10-01,5893.0,0.0,0.0,0.0,0.0,0,100.38,0,96797,22304,513.01,9.442694001387046,7.311625783051461,6.826046183655592,7.006115348595219,8.154237633168082,9.159768877657731,8.704800752639429,8.704800752639429,7.658003780444326,8.00443904257395,8.00443904257395,7.172301893242562,7.518650646925354,7.518650646925354,7.35242344791958,7.698809265193673,7.698809265193673,8.500727008885818,8.049152434475593,8.049152434475593,103.86,101.95,101.95,0.0,0.0,0.0,96573.0,102684.0,102684.0,29920.0,20098.0,20098.0,0.0,0.0,0.0,0.23931566428755774,0.970941817426052,0.4647231720437685,0.8854560256532099,0.6631226582407952,0.7485107481711011,2.0,28003.396666666667,28003.396666666667,39,10
2023-10-08,7167.16,0.0,0.0,0.0,0.0,0,103.14,1,99098,14171,452.78,9.685833285590338,6.965328737593375,6.4799219721328685,6.659917098939927,7.807783128158516,9.442694001387046,9.159768877657731,8.704800752639429,7.311625783051461,7.658003780444326,8.00443904257395,6.826046183655592,7.172301893242562,7.518650646925354,7.006115348595219,7.35242344791958,7.698809265193673,8.154237633168082,8.500727008885818,8.049152434475593,100.38,103.86,101.95,0.0,0.0,0.0,96797.0,96573.0,102684.0,22304.0,29920.0,20098.0,0.0,0.0,0.0,0.3546048870425356,0.9350162426854148,0.6631226582407952,0.7485107481711011,0.8854560256532099,0.4647231720437686,3.0,21115.7425,21115.7425,40,10
2023-10-15,5360.29,0.0,0.0,3237.15,0.0,0,107.76,1,120754,30207,41441.95,9.725351204810316,6.619146110242703,8.215660980403284,6.31387408007882,7.4613779256777155,9.685833285590338,9.442694001387046,8.704800752639429,6.965328737593375,7.311625783051461,8.00443904257395,6.4799219721328685,6.826046183655592,7.518650646925354,6.659917098939927,7.006115348595219,7.698809265193673,7.807783128158516,8.154237633168082,8.049152434475593,103.14,100.38,101.95,1.0,0.0,0.0,99098.0,96797.0,102684.0,14171.0,22304.0,20098.0,0.0,0.0,0.0,0.4647231720437685,0.8854560256532099,0.8229838658936564,0.5680647467311559,0.992708874098054,0.120536680255323,4.0,10695.189999999999,25180.984,41,10
2023-10-22,4195.29,3385.89,0.0,3438.69,0.0,0,102.55,0,116640,25808,141742.69,9.682224883309152,6.273125164235141,8.708501042730079,5.968050350859501,8.4373327248892,9.725351204810316,9.685833285590338,9.159768877657731,6.619146110242703,6.965328737593375,7.658003780444326,8.215660980403284,6.4799219721328685,7.172301893242562,6.31387408007882,6.659917098939927,7.35242344791958,7.4613779256777155,7.807783128158516,8.500727008885818,107.76,103.14,103.86,1.0,1.0,0.0,120754.0,99098.0,96573.0,30207.0,14171.0,29920.0,0.0,0.0,0.0,0.5680647467311558,0.8229838658936564,0.9350162426854148,0.35460488704253557,0.9709418174260521,-0.2393156642875575,5.0,46037.6075,44607.935,42,10
2023-10-29,4788.44,4012.79,0.0,3103.79,838.75,0,107.29,0,109633,15211,42968.41,9.6880480715632,5.927332609970599,8.907209040919232,7.016914570147108,8.89250797401237,9.682224883309152,9.725351204810316,9.442694001387046,6.273125164235141,6.619146110242703,7.311625783051461,8.708501042730079,8.215660980403284,6.826046183655592,5.968050350859501,6.31387408007882,7.006115348595219,8.4373327248892,7.4613779256777155,8.154237633168082,102.55,107.76,100.38,0.0,1.0,0.0,116640.0,120754.0,96797.0,25808.0,30207.0,22304.0,0.0,0.0,0.0,0.6631226582407952,0.7485107481711011,0.992708874098054,0.120536680255323,0.8229838658936565,-0.5680647467311557,6.0,56651.4575,44373.717142857146,43,10
2023-11-05,6862.08,0.0,0.0,2852.1,2230.06,0,110.24,0,135573,13775,1.0,9.812664170629173,5.58186253108856,8.996452768633969,8.012686683432392,8.545991301100756,9.6880480715632,9.682224883309152,9.685833285590338,5.927332609970599,6.273125164235141,6.965328737593375,8.907209040919232,8.708501042730079,6.4799219721328685,7.016914570147108,5.968050350859501,6.659917098939927,8.89250797401237,8.4373327248892,7.807783128158516,107.29,102.55,103.14,0.0,0.0,1.0,109633.0,116640.0,99098.0,15211.0,25808.0,14171.0,0.0,0.0,0.0,0.7485107481711011,0.6631226582407953,0.992708874098054,-0.12053668025532288,0.5680647467311558,-0.8229838658936564,7.0,56538.5125,38827.1275,44,11
2023-11-12,5792.88,0.0,0.0,3003.76,1598.5,0,108.45,0,114713,22805,23117.23,9.836678396012163,5.236847465708926,9.072629946123175,8.225117627955843,8.199498198605133,9.812664170629173,9.6880480715632,9.725351204810316,5.58186253108856,5.927332609970599,6.619146110242703,8.996452768633969,8.907209040919232,8.215660980403284,8.012686683432392,7.016914570147108,6.31387408007882,8.545991301100756,8.89250797401237,7.4613779256777155,110.24,107.29,107.76,0.0,0.0,1.0,135573.0,109633.0,120754.0,13775.0,15211.0,30207.0,0.0,0.0,0.0,0.8229838658936564,0.5680647467311559,0.9350162426854148,-0.35460488704253545,0.23931566428755768,-0.970941817426052,8.0,51957.332500000004,37081.583333333336,45,11
2023-11-19,5881.88,0.0,2735.2,3705.38,2952.89,0,108.59,0,146399,21043,26904.34,9.857985589467996,7.9615385574820134,9.196956681813516,8.629308439913704,7.853038424183404,9.836678396012163,9.812664170629173,9.682224883309152,5.236847465708926,5.58186253108856,6.273125164235141,9.072629946123175,8.996452768633969,8.708501042730079,8.225117627955843,8.012686683432392,5.968050350859501,8.199498198605133,8.545991301100756,8.4373327248892,108.45,110.24,102.55,0.0,0.0,0.0,114713.0,135573.0,116640.0,22805.0,13775.0,25808.0,0.0,0.0,0.0,0.8854560256532099,0.4647231720437686,0.8229838658936565,-0.5680647467311557,-0.12053668025532283,-0.992708874098054,9.0,23247.745000000003,36063.859,46,11
2023-11-26,5751.98,0.0,0.0,3087.06,0.0,0,105.41,0,159759,22372,77248.04,9.866062603228986,7.6151093583925435,9.216761135141553,8.282808903407652,7.50662577172304,9.857985589467996,9.836678396012163,9.6880480715632,7.9615385574820134,5.236847465708926,5.927332609970599,9.196956681813516,9.072629946123175,8.907209040919232,8.629308439913704,8.225117627955843,7.016914570147108,7.853038424183404,8.199498198605133,8.89250797401237,108.59,108.45,107.29,0.0,0.0,0.0,146399.0,114713.0,109633.0,21043.0,22805.0,15211.0,0.0,0.0,0.0,0.9350162426854148,0.35460488704253557,0.6631226582407952,-0.7485107481711012,-0.46472317204376806,-0.8854560256532101,10.0,31817.652499999997,39807.87545454546,47,11
2023-12-03,5274.61,6083.16,0.0,3659.59,0.0,0,105.46,0,106995,27347,95381.58,9.846787633473612,7.268739932507868,9.285122970353397,7.936340031618281,8.905231461186839,9.866062603228986,9.857985589467996,9.812664170629173,7.6151093583925435,7.9615385574820134,5.58186253108856,9.216761135141553,9.196956681813516,8.996452768633969,8.282808903407652,8.629308439913704,8.012686683432392,7.50662577172304,7.853038424183404,8.545991301100756,105.41,108.59,110.24,0.0,0.0,0.0,159759.0,146399.0,135573.0,22372.0,21043.0,13775.0,0.0,0.0,0.0,0.970941817426052,0.23931566428755804,0.46472317204376906,-0.8854560256532096,-0.7485107481711011,-0.6631226582407952,11.0,55662.7975,44439.017499999994,48,12
2023-12-10,6221.97,0.0,0.0,0.0,0.0,0,101.97,0,167287,25568,470.87,9.882511566087485,6.9224550031457115,8.9385878160835,7.5899145169303806,8.558714068695656,9.846787633473612,9.866062603228986,9.836678396012163,7.268739932507868,7.6151093583925435,5.236847465708926,9.285122970353397,9.216761135141553,9.072629946123175,7.936340031618281,8.282808903407652,8.225117627955843,8.905231461186839,7.50662577172304,8.199498198605133,105.46,105.41,108.45,0.0,0.0,0.0,106995.0,159759.0,114713.0,27347.0,22372.0,22805.0,0.0,0.0,0.0,0.992708874098054,0.120536680255323,0.23931566428755768,-0.970941817426052,-0.9350162426854147,-0.3546048870425359,12.0,50001.2075,37551.243333333325,49,12
2023-12-17,6999.31,0.0,0.0,0.0,0.0,0,99.9,0,114569,15866,657.03,9.945022069715774,6.576289498858131,8.592068580008426,7.243550299737371,8.21221994869978,9.882511566087485,9.846787633473612,9.857985589467996,6.9224550031457115,7.268739932507868,7.9615385574820134,8.9385878160835,9.285122970353397,9.196956681813516,7.5899145169303806,7.936340031618281,8.629308439913704,8.558714068695656,8.905231461186839,7.853038424183404,101.97,105.46,108.59,0.0,0.0,0.0,167287.0,106995.0,146399.0,25568.0,27347.0,21043.0,0.0,0.0,0.0,1.0,-1.6081226496766366e-16,-3.216245299353273e-16,-1.0,-1.0,-1.8369701987210297e-16,13.0,43439.38,37574.910833333335,50,12
2023-12-24,4029.74,3939.57,0.0,0.0,1820.02,0,94.2,0,117837,26265,1308.13,9.840117647415125,6.2302927451795584,8.245571853139104,7.940794628782583,8.786618209985527,9.945022069715774,9.882511566087485,9.866062603228986,6.576289498858131,6.9224550031457115,7.6151093583925435,8.592068580008426,8.9385878160835,9.216761135141553,7.243550299737371,7.5899145169303806,8.282808903407652,8.21221994869978,8.558714068695656,7.50662577172304,99.9,101.97,105.41,0.0,0.0,0.0,114569.0,167287.0,159759.0,15866.0,25568.0,22372.0,0.0,0.0,0.0,0.992708874098054,-0.12053668025532288,-0.23931566428755743,-0.9709418174260521,-0.9350162426854148,0.35460488704253557,14.0,24454.4025,37641.17083333333,51,12
2023-12-31,5920.22,0.0,0.0,3877.99,1383.42,0,93.51,0,139477,28302,398453.53,9.862366966721092,5.884534357438854,8.790705029615202,8.122785106483065,8.440107894504147,9.840117647415125,9.945022069715774,9.846787633473612,6.2302927451795584,6.576289498858131,7.268739932507868,8.245571853139104,8.592068580008426,9.285122970353397,7.940794628782583,7.243550299737371,7.936340031618281,8.786618209985527,8.21221994869978,8.905231461186839,94.2,99.9,105.46,0.0,0.0,0.0,117837.0,114569.0,106995.0,26265.0,15866.0,27347.0,0.0,0.0,0.0,0.9709418174260521,-0.2393156642875575,-0.46472317204376806,-0.8854560256532101,-0.7485107481711011,0.6631226582407952,15.0,100222.39000000001,70807.90000000001,52,12
2024-01-07,5178.41,0.0,0.0,2484.28,1814.93,0,92.3,0,79663,35353,289744.61,9.839007690334785,5.5391125043581955,8.872387643927507,8.34247110902473,8.09362378146831,9.862366966721092,9.840117647415125,9.882511566087485,5.884534357438854,6.2302927451795584,6.9224550031457115,8.790705029615202,8.245571853139104,8.9385878160835,8.122785106483065,7.940794628782583,7.5899145169303806,8.440107894504147,8.786618209985527,8.558714068695656,93.51,94.2,101.97,0.0,0.0,0.0,139477.0,117837.0,167287.0,28302.0,26265.0,25568.0,0.0,0.0,0.0,0.9350162426854148,-0.35460488704253545,-0.663122658240795,-0.7485107481711013,-0.4647231720437684,0.88545602565321,16.0,172540.825,91499.78833333333,1,1
2024-01-14,4420.0,0.0,0.0,0.0,0.0,0,98.09,0,88992,23554,612.33,9.78015103106005,5.194165455293979,8.525872127777063,7.995996172523337,7.747176717454678,9.839007690334785,9.862366966721092,9.945022069715774,5.5391125043581955,5.884534357438854,6.576289498858131,8.872387643927507,8.790705029615202,8.592068580008426,8.34247110902473,8.122785106483065,7.243550299737371,8.09362378146831,8.440107894504147,8.21221994869978,92.3,93.51,99.9,0.0,0.0,0.0,79663.0,139477.0,114569.0,35353.0,28302.0,15866.0,0.0,0.0,0.0,0.8854560256532099,-0.4647231720437685,-0.8229838658936564,-0.5680647467311559,-0.12053668025532363,0.992708874098054,17.0,172529.65,79738.925,2,1
2024-01-21,4860.27,0.0,0.0,0.0,0.0,0,98.48,1,116720,34134,684.42,9.762023748013576,4.849887634630682,8.179380660961725,7.649562083142571,7.400782035012079,9.78015103106005,9.839007690334785,9.840117647415125,5.194165455293979,5.5391125043581955,6.2302927451795584,8.525872127777063,8.872387643927507,8.245571853139104,7.995996172523337,8.34247110902473,7.940794628782583,7.747176717454678,8.09362378146831,8.786618209985527,98.09,92.3,94.2,0.0,0.0,0.0,88992.0,79663.0,117837.0,23554.0,35353.0,26265.0,0.0,0.0,0.0,0.8229838658936565,-0.5680647467311557,-0.9350162426854147,-0.3546048870425359,0.23931566428755732,0.9709418174260521,18.0,172373.7225,76215.25916666667,3,1
2024-01-28,6596.78,2974.53,2145.4,0.0,2129.47,0,94.23,0,117933,19661,1396.41,9.84552317505753,7.712447787825062,7.832923199287255,8.192706959763854,8.32664838058602,9.762023748013576,9.78015103106005,9.862366966721092,4.849887634630682,5.194165455293979,5.884534357438854,8.179380660961725,8.525872127777063,8.790705029615202,7.649562083142571,7.995996172523337,8.122785106483065,7.400782035012079,7.747176717454678,8.440107894504147,98.48,98.09,93.51,1.0,0.0,0.0,116720.0,88992.0,139477.0,34134.0,23554.0,28302.0,0.0,0.0,0.0,0.7485107481711013,-0.663122658240795,-0.992708874098054,-0.12053668025532357,0.5680647467311555,0.8229838658936566,19.0,73109.44249999999,76331.54333333333,4,1
2024-02-04,6234.01,0.0,0.0,0.0,0.0,0,94.82,0,76309,12750,818.77,9.882264111704826,7.366059427224775,7.4865138166377845,7.846247960878965,7.980175017392541,9.84552317505753,9.762023748013576,9.839007690334785,7.712447787825062,4.849887634630682,5.5391125043581955,7.832923199287255,8.179380660961725,8.872387643927507,8.192706959763854,7.649562083142571,8.34247110902473,8.32664838058602,7.400782035012079,8.09362378146831,94.23,98.48,92.3,0.0,1.0,0.0,117933.0,116720.0,79663.0,19661.0,34134.0,35353.0,0.0,0.0,0.0,0.6631226582407952,-0.7485107481711012,-0.992708874098054,0.1205366802553232,0.8229838658936558,0.5680647467311567,20.0,877.9825000000001,74473.33833333333,5,2
2024-02-11,6767.44,0.0,0.0,0.0,0.0,0,92.59,1,134013,30048,1055.24,9.93367171149482,7.019747732712916,7.140172404994881,7.499836404890989,7.633743152471108,9.882264111704826,9.84552317505753,9.78015103106005,7.366059427224775,7.712447787825062,5.194165455293979,7.4865138166377845,7.832923199287255,8.525872127777063,7.846247960878965,8.192706959763854,7.995996172523337,7.980175017392541,8.32664838058602,7.747176717454678,94.82,94.23,98.09,0.0,0.0,0.0,76309.0,117933.0,88992.0,12750.0,19661.0,23554.0,0.0,0.0,0.0,0.5680647467311558,-0.8229838658936564,-0.9350162426854148,0.35460488704253557,0.970941817426052,0.23931566428755785,21.0,988.71,72319.24666666666,6,2
2024-02-18,6004.65,5268.6,0.0,0.0,0.0,0,93.01,1,106886,17131,1473.77,9.932097100028212,6.6735444019298376,6.793927072894733,7.153491920893315,8.814378155347326,9.93367171149482,9.882264111704826,9.762023748013576,7.019747732712916,7.366059427224775,4.849887634630682,7.140172404994881,7.4865138166377845,8.179380660961725,7.499836404890989,7.846247960878965,7.649562083142571,7.633743152471108,7.980175017392541,7.400782035012079,92.59,94.82,98.48,1.0,0.0,1.0,134013.0,76309.0,116720.0,30048.0,12750.0,34134.0,0.0,0.0,0.0,0.46472317204376906,-0.8854560256532096,-0.822983865893657,0.5680647467311548,0.992708874098054,-0.12053668025532309,22.0,1186.0475000000001,66004.72416666667,7,2
2024-02-25,5743.19,0.0,0.0,0.0,0.0,0,93.7,0,127170,30941,842.24,9.918182152233967,6.327494203731649,6.447817525915035,6.807242246245679,8.4678661075705,9.932097100028212,9.93367171149482,9.84552317505753,6.6735444019298376,7.019747732712916,7.712447787825062,6.793927072894733,7.140172404994881,7.832923199287255,7.153491920893315,7.499836404890989,8.192706959763854,8.814378155347326,7.633743152471108,8.32664838058602,93.01,92.59,94.23,1.0,1.0,0.0,106886.0,134013.0,117933.0,17131.0,30048.0,19661.0,0.0,0.0,0.0,0.35460488704253584,-0.9350162426854147,-0.6631226582407955,0.7485107481711007,0.8854560256532102,-0.4647231720437679,23.0,1047.505,58126.44583333333,8,2
2024-03-03,6972.44,0.0,2343.46,0.0,0.0,0,92.1,1,106941,18169,1208.4,9.967598603094961,7.915551681492617,6.101899824579523,6.4611265628081025,8.121379545068017,9.918182152233967,9.932097100028212,9.882264111704826,6.327494203731649,6.6735444019298376,7.366059427224775,6.447817525915035,6.793927072894733,7.4865138166377845,6.807242246245679,7.153491920893315,7.846247960878965,8.4678661075705,8.814378155347326,7.980175017392541,93.7,93.01,94.82,0.0,1.0,0.0,127170.0,106886.0,76309.0,30941.0,17131.0,12750.0,0.0,0.0,0.0,0.23931566428755768,-0.970941817426052,-0.4647231720437684,0.88545602565321,0.6631226582407956,-0.7485107481711006,24.0,1144.9125,58187.90666666667,9,3
2024-03-10,5025.09,0.0,2818.23,0.0,0.0,0,96.4,0,151267,29164,774.75,9.908668138425508,8.467095510936147,5.756253067573544,6.115200192860089,7.774929017723363,9.967598603094961,9.918182152233967,9.93367171149482,7.915551681492617,6.327494203731649,7.019747732712916,6.101899824579523,6.447817525915035,7.140172404994881,6.4611265628081025,6.807242246245679,7.499836404890989,8.121379545068017,8.4678661075705,7.633743152471108,92.1,93.7,92.59,1.0,0.0,1.0,106941.0,127170.0,134013.0,18169.0,30941.0,30048.0,0.0,0.0,0.0,0.12053668025532308,-0.992708874098054,-0.2393156642875578,0.970941817426052,0.35460488704253607,-0.9350162426854146,25.0,1074.79,58197.716666666674,10,3
2024-03-17,5937.41,0.0,0.0,0.0,0.0,51091,104.92,1,99282,29226,293.52,9.911122986775155,8.1206090155199,5.4109887527731955,5.769541195844456,7.42852943886635,9.908668138425508,9.967598603094961,9.932097100028212,8.467095510936147,7.915551681492617,6.6735444019298376,5.756253067573544,6.101899824579523,6.793927072894733,6.115200192860089,6.4611265628081025,7.153491920893315,7.774929017723363,8.121379545068017,8.814378155347326,96.4,92.1,93.01,0.0,1.0,1.0,151267.0,106941.0,106886.0,29164.0,18169.0,17131.0,0.0,0.0,0.0,-3.216245299353273e-16,-1.0,6.432490598706546e-16,1.0,3.6739403974420594e-16,-1.0,26.0,779.7275,58113.16583333334,11,3
2024-03-24,6289.45,0.0,0.0,0.0,0.0,52118,104.24,0,97931,26582,307.01,9.93014278217511,7.774158583029575,5.0662638361874555,5.4242596094653655,7.082201886221058,9.911122986775155,9.908668138425508,9.918182152233967,8.1206090155199,8.467095510936147,6.327494203731649,5.4109887527731955,5.756253067573544,6.447817525915035,5.769541195844456,6.115200192860089,6.807242246245679,7.42852943886635,7.774929017723363,8.4678661075705,104.92,96.4,93.7,1.0,0.0,0.0,99282.0,151267.0,127170.0,29226.0,29164.0,30941.0,51091.0,0.0,0.0,-0.12053668025532283,-0.992708874098054,0.23931566428755732,0.9709418174260521,-0.3546048870425354,-0.9350162426854149,27.0,645.9200000000001,24934.289166666666,12,3
2024-03-31,3109.85,0.0,2921.32,3068.89,0.0,53027,102.88,0,71591,22152,113737.54,9.777601677170011,8.434540477888381,8.065050354483132,5.079510343685472,6.735976142394454,9.93014278217511,9.911122986775155,9.967598603094961,7.774158583029575,8.1206090155199,7.915551681492617,5.0662638361874555,5.4109887527731955,6.101899824579523,5.4242596094653655,5.769541195844456,6.4611265628081025,7.082201886221058,7.42852943886635,8.121379545068017,104.24,104.92,92.1,0.0,1.0,1.0,97931.0,99282.0,106941.0,26582.0,29226.0,18169.0,52118.0,51091.0,0.0,-0.23931566428755743,-0.9709418174260521,0.46472317204376795,0.8854560256532102,-0.6631226582407951,-0.7485107481711012,28.0,28778.204999999998,10267.033333333333,13,3
2024-04-07,5721.56,0.0,3273.66,0.0,0.0,54348,104.49,1,119607,15274,350.72,9.808692832966804,8.784011494622295,7.718606957665883,4.735511069524759,6.389894274823042,9.777601677170011,9.93014278217511,9.908668138425508,8.434540477888381,7.774158583029575,8.467095510936147,8.065050354483132,5.0662638361874555,5.756253067573544,5.079510343685472,5.4242596094653655,6.115200192860089,6.735976142394454,7.082201886221058,7.774929017723363,102.88,104.24,96.4,0.0,0.0,0.0,71591.0,97931.0,151267.0,22152.0,26582.0,29164.0,53027.0,52118.0,0.0,-0.3546048870425356,-0.9350162426854148,0.6631226582407952,0.7485107481711011,-0.885456025653209,-0.4647231720437701,29.0,28672.1975,10245.2325,14,4
2024-04-14,3694.1,0.0,2990.84,0.0,0.0,56056,110.0,0,139067,27741,1.0,9.714594966133173,8.936935132916213,7.372217459815398,4.392566835873431,6.04401567296184,9.808692832966804,9.777601677170011,9.911122986775155,8.784011494622295,8.434540477888381,8.1206090155199,7.718606957665883,8.065050354483132,5.4109887527731955,4.735511069524759,5.079510343685472,5.769541195844456,6.389894274823042,6.735976142394454,7.42852943886635,104.49,102.88,104.92,1.0,0.0,1.0,119607.0,71591.0,99282.0,15274.0,22152.0,29226.0,54348.0,53027.0,51091.0,-0.46472317204376806,-0.8854560256532101,0.8229838658936558,0.5680647467311567,-0.992708874098054,-0.12053668025532294,30.0,28599.067499999997,10188.280833333332,15,4
2024-04-21,4994.79,3535.85,1500.95,0.0,0.0,57379,102.68,0,157673,21461,502.95,9.72334418943642,8.836490371351323,7.025904157705638,4.051103548178029,8.251728291118694,9.714594966133173,9.808692832966804,9.93014278217511,8.936935132916213,8.784011494622295,7.774158583029575,7.372217459815398,7.718606957665883,5.0662638361874555,4.392566835873431,4.735511069524759,5.4242596094653655,6.04401567296184,6.389894274823042,7.082201886221058,110.0,104.49,104.24,0.0,1.0,0.0,139067.0,119607.0,97931.0,27741.0,15274.0,26582.0,56056.0,54348.0,52118.0,-0.5680647467311556,-0.8229838658936566,0.9350162426854147,0.354604887042536,-0.9709418174260523,0.23931566428755627,31.0,28648.052499999998,10113.825833333332,16,4
2024-04-28,3802.05,0.0,0.0,0.0,1486.0,59281,104.74,1,119262,22880,256.55,9.655869052647727,8.489976977709203,6.679698554868139,7.33101042695568,7.905262724972952,9.72334418943642,9.714594966133173,9.777601677170011,8.836490371351323,8.936935132916213,8.434540477888381,7.025904157705638,7.372217459815398,8.065050354483132,4.051103548178029,4.392566835873431,5.079510343685472,8.251728291118694,6.04401567296184,6.735976142394454,102.68,110.0,102.88,0.0,0.0,0.0,157673.0,139067.0,71591.0,21461.0,27741.0,22152.0,57379.0,56056.0,53027.0,-0.663122658240795,-0.7485107481711013,0.9927088740980539,0.12053668025532369,-0.8229838658936562,0.5680647467311561,32.0,277.805,10066.974166666667,17,4
2024-05-05,5752.71,0.0,0.0,1926.91,1910.8,60655,106.3,0,132176,29946,32637.33,9.728727539164002,8.143488512145433,7.820084504189243,8.003293211080955,7.558841883970827,9.655869052647727,9.72334418943642,9.808692832966804,8.489976977709203,8.836490371351323,8.784011494622295,6.679698554868139,7.025904157705638,7.718606957665883,7.33101042695568,4.051103548178029,4.735511069524759,7.905262724972952,8.251728291118694,6.389894274823042,104.74,102.68,104.49,1.0,0.0,1.0,119262.0,157673.0,119607.0,22880.0,21461.0,15274.0,59281.0,57379.0,54348.0,-0.7485107481711011,-0.6631226582407952,0.992708874098054,-0.12053668025532309,-0.5680647467311554,0.8229838658936567,33.0,8349.4575,12698.815,18,5
2024-05-12,8355.01,0.0,2793.85,2892.2,0.0,62251,110.29,0,98789,10460,1.0,9.914915371859701,8.561636211016285,8.44532562306749,7.656858107531943,7.212484273968192,9.728727539164002,9.655869052647727,9.714594966133173,8.143488512145433,8.489976977709203,8.936935132916213,7.820084504189243,6.679698554868139,7.372217459815398,8.003293211080955,7.33101042695568,4.392566835873431,7.558841883970827,7.905262724972952,6.04401567296184,106.3,104.74,110.0,0.0,1.0,0.0,132176.0,119262.0,139067.0,29946.0,22880.0,27741.0,60655.0,59281.0,56056.0,-0.8229838658936564,-0.5680647467311559,0.9350162426854148,-0.35460488704253545,-0.2393156642875589,0.9709418174260518,34.0,8349.4575,12576.084166666667,19,5
2024-05-19,3710.61,3208.48,2908.49,0.0,0.0,64231,108.75,1,137095,21565,64.5,9.798992177088016,8.795580789220033,8.098841044400285,7.310480334331014,8.33514160575607,9.914915371859701,9.728727539164002,9.72334418943642,8.561636211016285,8.143488512145433,8.836490371351323,8.44532562306749,7.820084504189243,7.025904157705638,7.656858107531943,8.003293211080955,4.051103548178029,7.212484273968192,7.558841883970827,8.251728291118694,110.29,106.3,102.68,0.0,0.0,0.0,98789.0,132176.0,157673.0,10460.0,29946.0,21461.0,62251.0,60655.0,57379.0,-0.8854560256532096,-0.4647231720437691,0.8229838658936571,-0.5680647467311547,0.12053668025532378,0.9927088740980539,35.0,8239.845000000001,12511.2725,20,5
2024-05-26,6931.59,3689.53,3253.99,0.0,1054.69,64647,105.39,0,137539,28205,348.61,9.886891657147757,8.977741827102927,7.752393322026308,7.655741330579475,8.800399763584046,9.798992177088016,9.914915371859701,9.655869052647727,8.795580789220033,8.561636211016285,8.489976977709203,8.098841044400285,8.44532562306749,6.679698554868139,7.310480334331014,7.656858107531943,7.33101042695568,8.33514160575607,7.212484273968192,7.905262724972952,108.75,110.29,104.74,1.0,0.0,1.0,137095.0,98789.0,119262.0,21565.0,10460.0,22880.0,64231.0,62251.0,59281.0,-0.9350162426854147,-0.3546048870425359,0.6631226582407956,-0.7485107481711006,0.46472317204376773,0.8854560256532104,36.0,8262.86,12439.623333333331,21,5
2024-06-02,4066.29,3462.79,0.0,0.0,2115.18,65355,107.06,1,126079,27892,182.06,9.796790250686975,8.631220504022266,7.4059977088051765,8.191298557014228,9.006518637720117,9.886891657147757,9.798992177088016,9.728727539164002,8.977741827102927,8.795580789220033,8.143488512145433,7.752393322026308,8.098841044400285,7.820084504189243,7.655741330579475,7.310480334331014,8.003293211080955,8.800399763584046,8.33514160575607,7.558841883970827,105.39,108.75,106.3,0.0,1.0,0.0,137539.0,137095.0,132176.0,28205.0,21565.0,29946.0,64647.0,64231.0,60655.0,-0.970941817426052,-0.23931566428755774,0.4647231720437685,-0.8854560256532099,0.7485107481711005,0.6631226582407957,37.0,149.04250000000002,12390.2325,22,6
2024-06-09,4697.5,4255.83,0.0,2568.43,1375.24,66171,103.89,0,93974,14775,75722.73,9.76472603872298,8.284720826061163,8.224832905071064,8.275826734572496,9.212671714647366,9.796790250686975,9.886891657147757,9.914915371859701,8.631220504022266,8.977741827102927,8.561636211016285,7.4059977088051765,7.752393322026308,8.44532562306749,8.191298557014228,7.655741330579475,7.656858107531943,9.006518637720117,8.800399763584046,7.212484273968192,107.06,105.39,110.29,1.0,0.0,0.0,126079.0,137539.0,98789.0,27892.0,28205.0,10460.0,65355.0,64647.0,62251.0,-0.992708874098054,-0.12053668025532357,0.23931566428755877,-0.9709418174260518,0.9350162426854146,0.35460488704253623,38.0,19079.475,18676.0,23,6
2024-06-16,5011.96,2926.56,0.0,0.0,1494.3,66951,96.05,0,91699,31153,862.45,9.759736751573243,7.9382517542598645,7.878370283535637,8.359824422209492,9.211781834403306,9.76472603872298,9.796790250686975,9.798992177088016,8.284720826061163,8.631220504022266,8.795580789220033,8.224832905071064,7.4059977088051765,8.098841044400285,8.275826734572496,8.191298557014228,7.310480334331014,9.212671714647366,9.006518637720117,8.33514160575607,103.89,107.06,108.75,0.0,1.0,1.0,93974.0,126079.0,137095.0,14775.0,27892.0,21565.0,66171.0,65355.0,64231.0,-1.0,-1.8369701987210297e-16,3.6739403974420594e-16,-1.0,1.0,5.51091059616309e-16,39.0,19278.962499999998,18722.286666666667,24,6
2024-06-23,4784.67,3077.61,3631.55,0.0,2417.87,68943,93.48,0,139939,23689,1252.73,9.742938259016782,8.632925971837373,7.531953605740758,8.601329156740812,9.22613209706976,9.759736751573243,9.76472603872298,9.886891657147757,7.9382517542598645,8.284720826061163,8.977741827102927,7.878370283535637,8.224832905071064,7.752393322026308,8.359824422209492,8.275826734572496,7.655741330579475,9.211781834403306,9.212671714647366,8.800399763584046,96.05,103.89,105.39,0.0,0.0,0.0,91699.0,93974.0,137539.0,31153.0,14775.0,28205.0,66951.0,66171.0,64647.0,-0.992708874098054,0.1205366802553232,-0.23931566428755807,-0.9709418174260519,0.9350162426854156,-0.35460488704253357,40.0,19504.992499999997,9348.5525,25,6
2024-06-30,5112.11,0.0,1914.11,3398.0,2204.17,70153,90.7,0,75288,39436,326672.66,9.750156761116877,8.6799465421345,8.459200379629927,8.707868854288893,8.879599278337903,9.742938259016782,9.759736751573243,9.796790250686975,8.632925971837373,7.9382517542598645,8.631220504022266,7.531953605740758,7.878370283535637,7.4059977088051765,8.601329156740812,8.359824422209492,8.191298557014228,9.22613209706976,9.211781834403306,9.006518637720117,93.48,96.05,107.06,0.0,0.0,1.0,139939.0,91699.0,126079.0,23689.0,31153.0,27892.0,68943.0,66951.0,65355.0,-0.9709418174260521,0.23931566428755738,-0.46472317204376784,-0.8854560256532102,0.7485107481711013,-0.663122658240795,41.0,101127.64249999999,36542.04749999999,26,6
2024-07-07,4793.33,0.0,1835.19,0.0,2928.65,71763,92.52,0,158042,30264,993.68,9.736570497893604,8.698832803286496,8.112714574530369,8.882832407768358,8.533083344896625,9.750156761116877,9.742938259016782,9.76472603872298,8.6799465421345,8.632925971837373,8.284720826061163,8.459200379629927,7.531953605740758,8.224832905071064,8.707868854288893,8.601329156740812,8.275826734572496,8.879599278337903,9.22613209706976,9.212671714647366,90.7,93.48,103.89,0.0,0.0,0.0,75288.0,139939.0,93974.0,39436.0,23689.0,14775.0,70153.0,68943.0,66171.0,-0.9350162426854148,0.35460488704253557,-0.6631226582407951,-0.7485107481711012,0.46472317204376873,-0.8854560256532098,42.0,82445.37999999999,36624.77083333333,27,7
2024-07-14,6066.51,5272.92,4143.25,0.0,1513.23,73053,89.78,0,80611,31503,1771.25,9.800062119815772,9.033995875239093,7.766265118089216,8.796303466516596,9.089908598321765,9.736570497893604,9.750156761116877,9.759736751573243,8.698832803286496,8.6799465421345,7.9382517542598645,8.112714574530369,8.459200379629927,7.878370283535637,8.882832407768358,8.707868854288893,8.359824422209492,8.533083344896625,8.879599278337903,9.211781834403306,92.52,90.7,96.05,0.0,0.0,0.0,158042.0,75288.0,91699.0,30264.0,39436.0,31153.0,71763.0,70153.0,66951.0,-0.8854560256532101,0.464723172043768,-0.8229838658936557,-0.5680647467311568,0.12053668025532488,-0.9927088740980538,43.0,82672.57999999999,36730.462499999994,28,7
2024-07-21,6406.55,4012.27,3145.03,0.0,0.0,74272,94.75,0,137600,29393,1215.52,9.860549695370489,9.11308084715025,7.4198670532666515,8.449792541179832,9.23808492480149,9.800062119815772,9.736570497893604,9.742938259016782,9.033995875239093,8.698832803286496,8.632925971837373,7.766265118089216,8.112714574530369,7.531953605740758,8.796303466516596,8.882832407768358,8.601329156740812,9.089908598321765,8.533083344896625,9.22613209706976,89.78,92.52,93.48,0.0,0.0,0.0,80611.0,158042.0,139939.0,31503.0,30264.0,23689.0,73053.0,71763.0,68943.0,-0.822983865893657,0.5680647467311548,-0.9350162426854141,-0.3546048870425378,-0.23931566428755782,-0.970941817426052,44.0,82663.2775,36810.37666666666,29,7
2024-07-28,4952.91,0.0,0.0,0.0,0.0,74518,95.53,0,68655,12575,599.43,9.825577769552819,8.766552908225693,7.073541640886295,8.103307565809338,8.891551621645046,9.860549695370489,9.800062119815772,9.750156761116877,9.11308084715025,9.033995875239093,8.6799465421345,7.4198670532666515,7.766265118089216,8.459200379629927,8.449792541179832,8.796303466516596,8.707868854288893,9.23808492480149,9.089908598321765,8.879599278337903,94.75,89.78,90.7,0.0,0.0,0.0,137600.0,80611.0,75288.0,29393.0,31503.0,39436.0,74272.0,73053.0,70153.0,-0.7485107481711011,0.6631226582407952,-0.992708874098054,-0.12053668025532294,-0.5680647467311545,-0.8229838658936572,45.0,1144.97,34140.55166666666,30,7
2024-08-04,4246.77,0.0,0.0,0.0,2043.29,75282,99.08,0,127725,27243,502.81,9.760149109905385,8.420043875154205,6.727318922046547,8.384996102616483,8.545035003190979,9.825577769552819,9.860549695370489,9.736570497893604,8.766552908225693,9.11308084715025,8.698832803286496,7.073541640886295,7.4198670532666515,8.112714574530369,8.103307565809338,8.449792541179832,8.882832407768358,8.891551621645046,9.23808492480149,8.533083344896625,95.53,94.75,92.52,0.0,0.0,0.0,68655.0,137600.0,158042.0,12575.0,29393.0,30264.0,74518.0,74272.0,71763.0,-0.6631226582407955,0.7485107481711007,-0.9927088740980541,0.12053668025532208,-0.8229838658936556,-0.568064746731157,46.0,1022.2524999999999,34182.369166666664,31,8
2024-08-11,4981.11,0.0,2665.89,0.0,1274.08,76091,93.73,0,148919,25488,902.76,9.754697980461088,8.678359010348116,6.381241328846821,8.382997717278059,8.198541977699367,9.760149109905385,9.825577769552819,9.800062119815772,8.420043875154205,8.766552908225693,9.033995875239093,6.727318922046547,7.073541640886295,7.766265118089216,8.384996102616483,8.103307565809338,8.796303466516596,8.545035003190979,8.891551621645046,9.089908598321765,99.08,95.53,89.78,0.0,0.0,0.0,127725.0,68655.0,80611.0,27243.0,12575.0,31503.0,75282.0,74518.0,73053.0,-0.5680647467311559,0.8229838658936564,-0.9350162426854149,0.35460488704253534,-0.9709418174260517,-0.23931566428755907,47.0,805.13,34252.22416666666,32,8
2024-08-18,5324.32,0.0,0.0,0.0,0.0,76513,91.9,1,143946,11554,911.52,9.770619047516892,8.331855929233456,6.035368764659634,8.036518862790578,7.852082312156591,9.754697980461088,9.760149109905385,9.860549695370489,8.678359010348116,8.420043875154205,9.11308084715025,6.381241328846821,6.727318922046547,7.4198670532666515,8.382997717278059,8.384996102616483,8.449792541179832,8.198541977699367,8.545035003190979,9.23808492480149,93.73,99.08,94.75,0.0,0.0,0.0,148919.0,127725.0,137600.0,25488.0,27243.0,29393.0,76091.0,75282.0,74272.0,-0.4647231720437684,0.88545602565321,-0.8229838658936562,0.5680647467311561,-0.9927088740980542,0.12053668025532184,48.0,729.13,34299.133333333324,33,8
2024-08-25,5664.25,4375.04,0.0,2069.35,0.0,78702,91.06,0,165567,19043,213794.16,9.800741233496336,7.98538204548515,7.768609504499562,7.690079233833979,8.731233480582446,9.770619047516892,9.754697980461088,9.825577769552819,8.331855929233456,8.678359010348116,8.766552908225693,6.035368764659634,6.381241328846821,7.073541640886295,8.036518862790578,8.382997717278059,8.103307565809338,7.852082312156591,8.198541977699367,8.891551621645046,91.9,93.73,95.53,1.0,0.0,0.0,143946.0,148919.0,68655.0,11554.0,25488.0,12575.0,76513.0,76091.0,74518.0,-0.35460488704253595,0.9350162426854147,-0.6631226582407957,0.7485107481711006,-0.8854560256532104,0.46472317204376756,49.0,54027.8125,52100.14166666666,34,8
2024-09-01,2456.94,2946.06,0.0,0.0,0.0,79696,94.18,0,166198,21775,876.53,9.63026521735789,7.638949444565659,7.4222110286954655,7.343695062844473,8.899146957831883,9.800741233496336,9.770619047516892,9.760149109905385,7.98538204548515,8.331855929233456,8.420043875154205,7.768609504499562,6.035368764659634,6.727318922046547,7.690079233833979,8.036518862790578,8.384996102616483,8.731233480582446,7.852082312156591,8.545035003190979,91.06,91.9,99.08,0.0,1.0,0.0,165567.0,143946.0,127725.0,19043.0,11554.0,27243.0,78702.0,76513.0,75282.0,-0.2393156642875578,0.970941817426052,-0.4647231720437686,0.8854560256532099,-0.663122658240796,0.7485107481711004,50.0,54121.2425,45862.958333333336,35,9
2024-09-08,4107.07,0.0,0.0,0.0,0.0,80425,96.0,0,111207,20830,620.5,9.606996628116125,7.292575209423665,7.075885035345376,6.997389290658432,8.552629908309004,9.63026521735789,9.800741233496336,9.754697980461088,7.638949444565659,7.98538204548515,8.678359010348116,7.4222110286954655,7.768609504499562,6.381241328846821,7.343695062844473,7.690079233833979,8.382997717278059,8.899146957831883,8.731233480582446,8.198541977699367,94.18,91.06,93.73,0.0,0.0,0.0,166198.0,165567.0,148919.0,21775.0,19043.0,25488.0,79696.0,78702.0,76091.0,-0.12053668025532363,0.992708874098054,-0.2393156642875589,0.9709418174260518,-0.35460488704253645,0.9350162426854145,51.0,54050.6775,45842.79583333333,36,9
2024-09-15,6322.34,0.0,0.0,0.0,0.0,81794,104.01,0,81657,18593,327.42,9.731287377422298,6.946283482056165,6.729661495381818,6.651194329956129,8.20613627327756,9.606996628116125,9.63026521735789,9.770619047516892,7.292575209423665,7.638949444565659,8.331855929233456,7.075885035345376,7.4222110286954655,6.035368764659634,6.997389290658432,7.343695062844473,8.036518862790578,8.552629908309004,8.899146957831883,7.852082312156591,96.0,94.18,91.9,0.0,0.0,1.0,111207.0,166198.0,143946.0,20830.0,21775.0,11554.0,80425.0,79696.0,76513.0,6.432490598706546e-16,1.0,1.2864981197413093e-15,1.0,-7.347880794884119e-16,1.0,52.0,53904.652500000004,45765.686666666654,37,9
2024-09-22,5500.94,3734.7,0.0,0.0,0.0,83014,108.16,0,113389,21114,123.65,9.764583652615896,6.600108370554501,6.383582741919518,6.305155958146765,8.75232542253731,9.731287377422298,9.606996628116125,9.800741233496336,6.946283482056165,7.292575209423665,7.98538204548515,6.729661495381818,7.075885035345376,7.768609504499562,6.651194329956129,6.997389290658432,7.690079233833979,8.20613627327756,8.552629908309004,8.731233480582446,104.01,96.0,91.06,0.0,0.0,0.0,81657.0,111207.0,165567.0,18593.0,20830.0,19043.0,81794.0,80425.0,78702.0,0.12053668025532314,0.992708874098054,0.23931566428755793,0.970941817426052,0.35460488704253507,0.935016242685415,53.0,487.025,18553.26916666667,38,9
2024-09-29,4535.22,0.0,0.0,0.0,0.0,83837,107.96,0,80931,15983,94.09,9.731724761926165,6.2540980434413695,6.037708538833941,5.959338792404734,8.40581731448727,9.764583652615896,9.731287377422298,9.63026521735789,6.600108370554501,6.946283482056165,7.638949444565659,6.383582741919518,6.729661495381818,7.4222110286954655,6.305155958146765,6.651194329956129,7.343695062844473,8.75232542253731,8.20613627327756,8.899146957831883,108.16,104.01,94.18,0.0,0.0,0.0,113389.0,81657.0,166198.0,21114.0,18593.0,21775.0,83014.0,81794.0,79696.0,0.23931566428755732,0.9709418174260521,0.46472317204376773,0.8854560256532104,0.6631226582407949,0.7485107481711014,54.0,291.415,18478.303333333333,39,9
2024-10-06,7148.24,0.0,3252.96,1224.13,0.0,84844,106.78,0,129473,37223,24518.03,9.855281143064184,8.194518607751105,7.3268948168115156,5.613833972138027,8.059336322745636,9.731724761926165,9.764583652615896,9.606996628116125,6.2540980434413695,6.600108370554501,7.292575209423665,6.037708538833941,6.383582741919518,7.075885035345376,5.959338792404734,6.305155958146765,6.997389290658432,8.40581731448727,8.75232542253731,8.552629908309004,107.96,108.16,96.0,0.0,0.0,0.0,80931.0,113389.0,111207.0,15983.0,21114.0,20830.0,83837.0,83014.0,80425.0,0.3546048870425355,0.9350162426854148,0.663122658240795,0.7485107481711013,0.885456025653208,0.464723172043772,55.0,6265.7975,20373.868333333336,40,10
2024-10-13,5951.02,0.0,2464.89,2440.32,0.0,86487,113.38,0,90505,19164,1.0,9.874464334133508,8.522310094636849,8.165044163757438,5.2687699035857305,7.7128936719385965,9.855281143064184,9.731724761926165,9.731287377422298,8.194518607751105,6.2540980434413695,6.946283482056165,7.3268948168115156,6.037708538833941,6.729661495381818,5.613833972138027,5.959338792404734,6.651194329956129,8.059336322745636,8.40581731448727,8.20613627327756,106.78,107.96,104.01,0.0,0.0,0.0,129473.0,80931.0,81657.0,37223.0,15983.0,18593.0,84844.0,83837.0,81794.0,0.46472317204376795,0.8854560256532102,0.8229838658936556,0.5680647467311569,0.992708874098054,0.1205366802553233,56.0,6184.1925,20272.658333333333,41,10
2024-10-20,5297.24,0.0,0.0,0.0,0.0,87926,107.71,1,102844,19519,126.03,9.854040831779573,8.175818920857552,7.8185883788531205,4.924327216974435,7.3665052287733905,9.874464334133508,9.855281143064184,9.764583652615896,8.522310094636849,8.194518607751105,6.600108370554501,8.165044163757438,7.3268948168115156,6.383582741919518,5.2687699035857305,5.613833972138027,6.305155958146765,7.7128936719385965,8.059336322745636,8.75232542253731,113.38,106.78,108.16,0.0,0.0,0.0,90505.0,129473.0,113389.0,19164.0,37223.0,21114.0,86487.0,84844.0,83014.0,0.5680647467311555,0.8229838658936566,0.9350162426854146,0.35460488704253623,0.970941817426052,-0.23931566428755766,57.0,6184.787499999999,20233.208333333332,42,10
2024-10-27,5812.41,3917.62,0.0,0.0,2702.75,89172,101.56,1,92346,22285,808.08,9.866437779311074,7.829361873516327,7.472181366845271,7.937495574410052,8.524491103088094,9.854040831779573,9.874464334133508,9.731724761926165,8.175818920857552,8.522310094636849,6.2540980434413695,7.8185883788531205,8.165044163757438,6.037708538833941,4.924327216974435,5.2687699035857305,5.959338792404734,7.3665052287733905,7.7128936719385965,8.40581731448727,107.71,113.38,107.96,1.0,0.0,0.0,102844.0,90505.0,80931.0,19519.0,19164.0,15983.0,87926.0,86487.0,83837.0,0.6631226582407952,0.7485107481711011,0.992708874098054,0.12053668025532305,0.8229838658936584,-0.5680647467311528,58.0,6363.285,20258.6475,43,10
2024-11-03,4764.29,2223.0,2346.82,2374.89,3126.04,90504,102.39,0,112634,21214,107474.69,9.819689725589148,8.324652090264363,8.19383877063412,8.538263881385857,8.66297578942028,9.866437779311074,9.854040831779573,9.855281143064184,7.829361873516327,8.175818920857552,8.194518607751105,7.472181366845271,7.8185883788531205,7.3268948168115156,7.937495574410052,4.924327216974435,5.613833972138027,8.524491103088094,7.3665052287733905,8.059336322745636,101.56,107.71,106.78,1.0,1.0,0.0,92346.0,102844.0,129473.0,22285.0,19519.0,37223.0,89172.0,87926.0,84844.0,0.7485107481711007,0.6631226582407956,0.9927088740980541,-0.12053668025532197,0.5680647467311557,-0.8229838658936565,59.0,27102.45,29139.641666666666,44,11
2024-11-10,4662.24,5190.25,3315.6,2706.8,1873.13,91772,110.02,0,119358,12046,1.0,9.779503777679665,8.737487063429912,8.568992153290079,8.60963440914254,9.135720256896372,9.819689725589148,9.866437779311074,9.874464334133508,8.324652090264363,7.829361873516327,8.522310094636849,8.19383877063412,7.472181366845271,8.165044163757438,8.538263881385857,7.937495574410052,5.2687699035857305,8.66297578942028,8.524491103088094,7.7128936719385965,102.39,101.56,113.38,0.0,1.0,0.0,112634.0,92346.0,90505.0,21214.0,22285.0,19164.0,90504.0,89172.0,86487.0,0.8229838658936558,0.5680647467311567,0.9350162426854156,-0.35460488704253357,0.23931566428755752,-0.9709418174260521,60.0,27102.45,29063.765000000003,45,11
2024-11-17,6276.67,2024.46,3478.41,2262.85,0.0,92112,109.77,0,127014,22717,1.0,9.8400174263615,8.972786524368868,8.697285583208632,8.263136343943513,9.058049261635315,9.779503777679665,9.819689725589148,9.854040831779573,8.737487063429912,8.324652090264363,8.175818920857552,8.568992153290079,8.19383877063412,7.8185883788531205,8.60963440914254,8.538263881385857,4.924327216974435,9.135720256896372,8.66297578942028,7.3665052287733905,110.02,102.39,107.71,0.0,0.0,1.0,119358.0,112634.0,102844.0,12046.0,21214.0,19519.0,91772.0,90504.0,87926.0,0.8854560256532099,0.46472317204376845,0.8229838658936562,-0.568064746731156,-0.1205366802553199,-0.9927088740980544,61.0,27071.1925,11247.668333333335,46,11
2024-11-24,5860.76,3693.21,0.0,0.0,0.0,93693,104.23,1,158888,11710,481.22,9.859194836811845,8.626265460923957,8.350781180192277,7.916669552520847,9.186631457688543,9.8400174263615,9.779503777679665,9.866437779311074,8.972786524368868,8.737487063429912,7.829361873516327,8.697285583208632,8.568992153290079,7.472181366845271,8.263136343943513,8.60963440914254,7.937495574410052,9.058049261635315,9.135720256896372,8.524491103088094,109.77,110.02,101.56,0.0,0.0,1.0,127014.0,119358.0,92346.0,22717.0,12046.0,22285.0,92112.0,91772.0,89172.0,0.9350162426854147,0.354604887042536,0.6631226582407959,-0.7485107481711005,-0.46472317204376584,-0.8854560256532114,62.0,26989.4775,11214.725833333332,47,11
2024-12-01,4245.34,0.0,0.0,0.0,0.0,94666,106.36,0,125437,23866,178.43,9.785550769111081,8.279766150096808,8.004305427307866,7.570246979164724,8.840100281654982,9.859194836811845,9.8400174263615,9.819689725589148,8.626265460923957,8.972786524368868,8.324652090264363,8.350781180192277,8.697285583208632,8.19383877063412,7.916669552520847,8.263136343943513,8.538263881385857,9.186631457688543,9.058049261635315,8.66297578942028,104.23,109.77,102.39,1.0,0.0,0.0,158888.0,127014.0,112634.0,11710.0,22717.0,21214.0,93693.0,92112.0,90504.0,0.970941817426052,0.23931566428755785,0.46472317204376873,-0.8854560256532098,-0.7485107481711015,-0.6631226582407947,63.0,165.41250000000002,11177.886666666667,48,12
2024-12-08,5236.06,0.0,0.0,0.0,2064.98,95958,102.43,0,124058,20684,476.18,9.787246251493222,7.933297597408464,7.6578701836609495,8.142293416839212,8.493586671106657,9.785550769111081,9.859194836811845,9.779503777679665,8.279766150096808,8.626265460923957,8.737487063429912,8.004305427307866,8.350781180192277,8.568992153290079,7.570246979164724,7.916669552520847,8.60963440914254,8.840100281654982,9.186631457688543,9.135720256896372,106.36,104.23,110.02,0.0,1.0,0.0,125437.0,158888.0,119358.0,23866.0,11710.0,12046.0,94666.0,93693.0,91772.0,0.9927088740980539,0.12053668025532369,0.23931566428755902,-0.9709418174260517,-0.935016242685415,-0.35460488704253496,64.0,284.2075,11190.283333333333,49,12
2024-12-15,4542.06,0.0,0.0,2894.13,0.0,97010,101.78,0,127455,28106,158067.38,9.748734617711984,7.586872533883325,8.387435236495149,7.7958403426521885,8.147097898835684,9.787246251493222,9.785550769111081,9.8400174263615,7.933297597408464,8.279766150096808,8.972786524368868,7.6578701836609495,8.004305427307866,8.697285583208632,8.142293416839212,7.570246979164724,8.263136343943513,8.493586671106657,8.840100281654982,9.058049261635315,102.43,106.36,109.77,0.0,0.0,0.0,124058.0,125437.0,127014.0,20684.0,23866.0,22717.0,95958.0,94666.0,92112.0,1.0,3.061616997868383e-16,6.123233995736766e-16,-1.0,-1.0,-2.6948419387607653e-15,65.0,39800.8025,24352.260833333334,50,12
2024-12-22,7319.16,0.0,0.0,2659.91,0.0,98353,95.53,0,167552,26040,253400.85,9.87477862647434,7.240508954502436,8.65964552718022,7.449437163074923,7.800644247054614,9.748734617711984,9.787246251493222,9.859194836811845,7.586872533883325,7.933297597408464,8.626265460923957,8.387435236495149,7.6578701836609495,8.350781180192277,7.7958403426521885,8.142293416839212,7.916669552520847,8.147097898835684,8.493586671106657,9.186631457688543,101.78,102.43,104.23,0.0,0.0,1.0,127455.0,124058.0,158888.0,28106.0,20684.0,11710.0,97010.0,95958.0,93693.0,0.992708874098054,-0.12053668025532309,-0.23931566428755782,-0.970941817426052,-0.9350162426854145,0.35460488704253657,66.0,103030.70999999999,45461.1575,51,12
2024-12-29,5635.73,4319.58,0.0,1994.75,0.0,98911,91.58,0,165944,33429,266526.91,9.87188984197042,6.894232289213145,8.711420325835514,7.103104520358616,8.707276428253406,9.87477862647434,9.748734617711984,9.785550769111081,7.240508954502436,7.586872533883325,8.279766150096808,8.65964552718022,8.387435236495149,8.004305427307866,7.449437163074923,7.7958403426521885,7.570246979164724,7.800644247054614,8.147097898835684,8.840100281654982,95.53,101.78,106.36,0.0,0.0,0.0,167552.0,127455.0,125437.0,26040.0,28106.0,23866.0,98353.0,97010.0,94666.0,0.9709418174260519,-0.23931566428755813,-0.4647231720437692,-0.8854560256532096,-0.7485107481711004,0.663122658240796,67.0,169617.83000000002,65628.56416666666,52,12
2025-01-05,3471.18,2162.88,1078.61,3331.39,0.0,100469,98.46,0,115084,19813,263353.12,9.751136489711337,7.482407080752612,8.939205509123596,6.756871582314137,8.770108606126488,9.87188984197042,9.87477862647434,9.787246251493222,6.894232289213145,7.240508954502436,7.933297597408464,8.711420325835514,8.65964552718022,7.6578701836609495,7.103104520358616,7.449437163074923,8.142293416839212,8.707276428253406,7.800644247054614,8.493586671106657,91.58,95.53,102.43,0.0,0.0,0.0,165944.0,167552.0,124058.0,33429.0,26040.0,20684.0,98911.0,98353.0,95958.0,0.9350162426854148,-0.35460488704253545,-0.663122658240795,-0.7485107481711013,-0.4647231720437706,0.8854560256532088,68.0,235337.065,87574.57416666667,1,1
2025-01-12,6040.9,0.0,2770.0,1916.33,2352.53,101969,96.19,0,127673,21370,178153.19,9.808344533412825,8.300646945645068,8.896780834530995,7.993247794829808,8.423599343924053,9.751136489711337,9.87188984197042,9.748734617711984,7.482407080752612,6.894232289213145,7.586872533883325,8.939205509123596,8.711420325835514,8.387435236495149,6.756871582314137,7.103104520358616,7.7958403426521885,8.770108606126488,8.707276428253406,8.147097898835684,98.46,91.58,101.78,0.0,0.0,0.0,115084.0,165944.0,127455.0,19813.0,33429.0,28106.0,100469.0,98911.0,97010.0,0.8854560256532102,-0.4647231720437679,-0.8229838658936556,-0.568064746731157,-0.12053668025532524,0.9927088740980538,69.0,240358.51750000002,102410.17083333334,2,1
2025-01-19,5679.41,0.0,0.0,2390.24,1704.82,102577,87.56,0,116471,38548,355338.0,9.827596250566817,7.9541762225399255,8.930409277799617,8.242436233894251,8.077116720220175,9.808344533412825,9.751136489711337,9.87477862647434,8.300646945645068,7.482407080752612,7.240508954502436,8.896780834530995,8.939205509123596,8.65964552718022,7.993247794829808,6.756871582314137,7.449437163074923,8.423599343924053,8.770108606126488,7.800644247054614,96.19,98.46,95.53,0.0,0.0,0.0,127673.0,115084.0,167552.0,21370.0,19813.0,26040.0,101969.0,100469.0,98353.0,0.8229838658936571,-0.5680647467311547,-0.935016242685414,-0.354604887042538,0.23931566428755918,0.9709418174260517,70.0,265842.805,131954.33083333334,3,1
2025-01-26,5700.38,3906.93,0.0,3168.8,1835.63,103934,95.24,0,125677,40153,297758.38,9.84210448422989,7.607748090352076,9.049427122004197,8.416724835623219,8.729730515411122,9.827596250566817,9.808344533412825,9.87188984197042,7.9541762225399255,8.300646945645068,6.894232289213145,8.930409277799617,8.896780834530995,8.711420325835514,8.242436233894251,7.993247794829808,7.103104520358616,8.077116720220175,8.423599343924053,8.707276428253406,87.56,96.19,91.58,0.0,0.0,0.0,116471.0,127673.0,165944.0,38548.0,21370.0,33429.0,102577.0,101969.0,98911.0,0.7485107481711012,-0.6631226582407952,-0.992708874098054,-0.12053668025532317,0.5680647467311541,0.8229838658936576,71.0,273650.6725,147811.305,4,1
2025-02-02,4349.81,3370.31,0.0,1930.07,1405.61,104975,95.53,0,123310,26906,174716.35,9.77850561775996,7.261380172766382,8.98098117776167,8.434569622402885,8.95459545292142,9.84210448422989,9.827596250566817,9.751136489711337,7.607748090352076,7.9541762225399255,7.482407080752612,9.049427122004197,8.930409277799617,8.939205509123596,8.416724835623219,8.242436233894251,6.756871582314137,8.729730515411122,8.077116720220175,8.770108606126488,95.24,87.56,98.46,0.0,0.0,0.0,125677.0,116471.0,115084.0,40153.0,38548.0,19813.0,103934.0,102577.0,100469.0,0.6631226582407956,-0.7485107481711006,-0.9927088740980542,0.12053668025532184,0.8229838658936554,0.5680647467311573,72.0,251491.48,162370.9175,5,2
2025-02-09,6043.08,0.0,3003.27,3120.88,2044.07,106123,96.54,1,145709,24707,280097.57,9.826821886742342,8.29670588807462,9.076005823167739,8.57537165983591,8.608075353714032,9.77850561775996,9.84210448422989,9.808344533412825,7.261380172766382,7.607748090352076,8.300646945645068,8.98098117776167,9.049427122004197,8.896780834530995,8.434569622402885,8.416724835623219,7.993247794829808,8.95459545292142,8.729730515411122,8.423599343924053,95.53,95.24,96.19,0.0,0.0,0.0,123310.0,125677.0,127673.0,26906.0,40153.0,21370.0,104975.0,103934.0,101969.0,0.5680647467311568,-0.8229838658936557,-0.9350162426854156,0.35460488704253346,0.9709418174260525,0.239315664287556,73.0,276977.575,185712.29833333334,6,2
2025-02-16,4836.57,0.0,1192.9,0.0,0.0,106902,94.63,0,122854,20772,869.86,9.794526189355773,8.30130897942914,8.729479608494003,8.228876227072394,8.261577406350169,9.826821886742342,9.77850561775996,9.827596250566817,8.29670588807462,7.261380172766382,7.9541762225399255,9.076005823167739,8.98098117776167,8.930409277799617,8.57537165983591,8.434569622402885,8.242436233894251,8.608075353714032,8.95459545292142,8.077116720220175,96.54,95.53,87.56,1.0,0.0,0.0,145709.0,123310.0,116471.0,24707.0,26906.0,38548.0,106123.0,104975.0,102577.0,0.4647231720437685,-0.8854560256532099,-0.8229838658936564,0.5680647467311559,0.9927088740980542,-0.12053668025532148,74.0,188360.54,185744.68500000003,7,2
2025-02-23,4090.85,2365.79,2467.43,0.0,0.0,108083,93.41,1,172392,18398,1282.31,9.727544573181165,8.578618854596131,8.382973013607614,7.882413157785207,8.537807229076831,9.794526189355773,9.826821886742342,9.84210448422989,8.30130897942914,8.29670588807462,7.607748090352076,8.729479608494003,9.076005823167739,9.049427122004197,8.228876227072394,8.57537165983591,8.416724835623219,8.261577406350169,8.608075353714032,8.729730515411122,94.63,96.54,95.24,0.0,1.0,0.0,122854.0,145709.0,125677.0,20772.0,24707.0,40153.0,106902.0,106123.0,103934.0,0.35460488704253607,-0.9350162426854146,-0.663122658240796,0.7485107481711004,0.8854560256532106,-0.46472317204376723,75.0,114241.52250000002,185836.67500000002,8,2
2025-03-02,4540.23,2454.76,0.0,0.0,1773.56,108863,94.88,0,149540,19145,1060.72,9.705100540159613,8.232123168461417,8.036494161460373,8.201898702400136,8.71016199935524,9.727544573181165,9.794526189355773,9.77850561775996,8.578618854596131,8.30130897942914,7.261380172766382,8.382973013607614,8.729479608494003,8.98098117776167,7.882413157785207,8.228876227072394,8.434569622402885,8.537807229076831,8.261577406350169,8.95459545292142,93.41,94.63,95.53,1.0,0.0,0.0,172392.0,122854.0,123310.0,18398.0,20772.0,26906.0,108083.0,106902.0,104975.0,0.23931566428755877,-0.9709418174260518,-0.4647231720437704,0.8854560256532089,0.6631226582407962,-0.7485107481711002,76.0,70827.61500000003,185885.38666666663,9,3
2025-03-09,5313.83,3671.67,0.0,0.0,2071.52,109971,92.19,0,116986,19400,1451.84,9.735744143506894,7.885659740920738,7.6900545358126156,8.44489052193986,8.982186462037676,9.705100540159613,9.727544573181165,9.826821886742342,8.232123168461417,8.578618854596131,8.29670588807462,8.036494161460373,8.382973013607614,9.076005823167739,8.201898702400136,7.882413157785207,8.57537165983591,8.71016199935524,8.537807229076831,8.608075353714032,94.88,93.41,96.54,0.0,1.0,1.0,149540.0,172392.0,145709.0,19145.0,18398.0,24707.0,108863.0,108083.0,106123.0,0.12053668025532287,-0.992708874098054,-0.2393156642875574,0.9709418174260521,0.3546048870425368,-0.9350162426854144,77.0,1166.1825000000144,172834.09166666667,10,3
2025-03-16,3373.65,2165.64,0.0,0.0,0.0,111212,94.71,0,103014,21349,906.13,9.637705216704637,7.539241923566498,7.343670369501006,8.098405982008408,8.961175580682127,9.735744143506894,9.705100540159613,9.794526189355773,7.885659740920738,8.232123168461417,8.30130897942914,7.6900545358126156,8.036494161460373,8.729479608494003,8.44489052193986,8.201898702400136,8.228876227072394,8.982186462037676,8.71016199935524,8.261577406350169,92.19,94.88,94.63,0.0,0.0,0.0,116986.0,149540.0,122854.0,19400.0,19145.0,20772.0,109971.0,108863.0,106902.0,3.6739403974420594e-16,-1.0,-7.347880794884119e-16,1.0,1.102182119232618e-15,-1.0,78.0,1175.2500000000146,151792.865,11,3
2025-03-23,5962.69,4165.27,0.0,0.0,0.0,112542,96.3,0,135773,21937,1117.7,9.729397732982763,7.192888588055684,6.997364603927485,7.751958314403291,9.177519348604097,9.637705216704637,9.735744143506894,9.727544573181165,7.539241923566498,7.885659740920738,8.578618854596131,7.343670369501006,7.6900545358126156,8.382973013607614,8.098405982008408,8.44489052193986,7.882413157785207,8.961175580682127,8.982186462037676,8.537807229076831,94.71,92.19,93.41,0.0,0.0,1.0,103014.0,116986.0,172392.0,21349.0,19400.0,18398.0,111212.0,109971.0,108083.0,-0.12053668025532391,-0.9927088740980539,0.23931566428755943,0.9709418174260516,-0.35460488704253473,-0.9350162426854152,79.0,1134.0975000000144,129675.43083333333,12,3
2025-03-30,4441.21,3359.31,0.0,0.0,0.0,113634,101.94,0,185460,22547,563.26,9.700393427291852,6.846626402265262,6.651169652570656,7.4055627786134846,9.23037417278072,9.729397732982763,9.637705216704637,9.705100540159613,7.192888588055684,7.539241923566498,8.232123168461417,6.997364603927485,7.343670369501006,8.036494161460373,7.751958314403291,8.098405982008408,8.201898702400136,9.177519348604097,8.961175580682127,8.71016199935524,96.3,94.71,94.88,0.0,0.0,0.0,135773.0,103014.0,149540.0,21937.0,21349.0,19145.0,112542.0,111212.0,108863.0,-0.23931566428755807,-0.9709418174260519,0.46472317204376906,0.8854560256532096,-0.6631226582407919,-0.748510748171104,80.0,1009.7325000000144,107776.27583333332,13,3
2025-04-06,6597.3,3633.62,0.0,1488.77,1316.82,114403,104.72,0,108308,29011,45758.31,9.805898095349265,6.500493038960702,7.61881283211293,7.816167705914849,9.29174242521154,9.700393427291852,9.729397732982763,9.735744143506894,6.846626402265262,7.192888588055684,7.885659740920738,6.651169652570656,6.997364603927485,7.6900545358126156,7.4055627786134846,7.751958314403291,8.44489052193986,9.23037417278072,9.177519348604097,8.982186462037676,101.94,96.3,92.19,0.0,0.0,0.0,185460.0,135773.0,116986.0,22547.0,21937.0,19400.0,113634.0,112542.0,109971.0,-0.3546048870425354,-0.9350162426854149,0.6631226582407949,0.7485107481711014,-0.8854560256532096,-0.4647231720437692,81.0,12086.350000000013,96743.36916666666,14,4
2025-04-13,4732.49,0.0,0.0,0.0,0.0,115394,106.76,0,135364,19656,152.59,9.77337884976585,6.154541692988692,7.27244265158594,7.46976109759325,8.945207017361273,9.805898095349265,9.700393427291852,9.637705216704637,6.500493038960702,6.846626402265262,7.539241923566498,7.61881283211293,6.651169652570656,7.343670369501006,7.816167705914849,7.4055627786134846,8.098405982008408,9.29174242521154,9.23037417278072,8.961175580682127,104.72,101.94,94.71,0.0,0.0,0.0,108308.0,185460.0,103014.0,29011.0,22547.0,21349.0,114403.0,113634.0,111212.0,-0.46472317204376784,-0.8854560256532102,0.8229838658936555,0.5680647467311571,-0.992708874098054,-0.12053668025532366,82.0,11897.965000000013,67144.58499999999,15,4
2025-04-20,4132.63,0.0,2829.92,0.0,0.0,116462,110.42,0,161475,15104,1.0,9.714124326551845,8.059325171624085,6.92615665552324,7.123423607874407,8.59868742270257,9.77337884976585,9.805898095349265,9.729397732982763,6.154541692988692,6.500493038960702,7.192888588055684,7.27244265158594,7.61881283211293,6.997364603927485,7.46976109759325,7.816167705914849,7.751958314403291,8.945207017361273,9.29174242521154,9.177519348604097,106.76,104.72,96.3,0.0,0.0,0.0,135364.0,108308.0,135773.0,19656.0,29011.0,21937.0,115394.0,114403.0,112542.0,-0.5680647467311561,-0.8229838658936561,0.9350162426854152,0.35460488704253484,-0.970941817426053,0.23931566428755385,83.0,11618.790000000012,42331.469999999994,16,4
2025-04-27,4528.9,0.0,2690.51,0.0,0.0,116809,105.34,1,140683,27813,274.38,9.694715888127543,8.502585237210958,6.579989643742051,6.777183819078665,8.252190188785729,9.714124326551845,9.77337884976585,9.700393427291852,8.059325171624085,6.154541692988692,6.846626402265262,6.92615665552324,7.27244265158594,6.651169652570656,7.123423607874407,7.46976109759325,7.4055627786134846,8.59868742270257,8.945207017361273,9.23037417278072,110.42,106.76,101.94,0.0,0.0,0.0,161475.0,135364.0,185460.0,15104.0,19656.0,22547.0,116462.0,115394.0,113634.0,-0.6631226582407951,-0.7485107481711012,0.992708874098054,0.1205366802553233,-0.8229838658936566,0.5680647467311555,84.0,11546.570000000014,27794.63916666666,17,4
2025-05-04,6593.29,0.0,3963.99,0.0,1762.02,118823,103.87,1,121797,23216,442.35,9.802067307061792,8.91577402781177,6.23399076024044,7.776058994063501,7.905724572758109,9.694715888127543,9.714124326551845,9.805898095349265,8.502585237210958,8.059325171624085,6.500493038960702,6.579989643742051,6.92615665552324,7.61881283211293,6.777183819078665,7.123423607874407,7.816167705914849,8.252190188785729,8.59868742270257,9.29174242521154,105.34,110.42,104.72,1.0,0.0,0.0,140683.0,161475.0,108308.0,27813.0,15104.0,29011.0,116809.0,116462.0,114403.0,-0.7485107481711006,-0.6631226582407957,0.9927088740980542,-0.12053668025532172,-0.568064746731156,0.8229838658936562,85.0,217.58000000001456,4490.037499999999,18,5
2025-05-11,3146.53,3344.41,0.0,3237.09,0.0,120169,104.39,0,119720,27437,97051.69,9.675645187907124,8.569256045980165,8.18809337301909,7.429659218705825,8.568441116787708,9.802067307061792,9.694715888127543,9.77337884976585,8.91577402781177,8.502585237210958,6.154541692988692,6.23399076024044,6.579989643742051,7.27244265158594,7.776058994063501,6.777183819078665,7.46976109759325,7.905724572758109,8.252190188785729,8.945207017361273,103.87,105.34,106.76,1.0,1.0,0.0,121797.0,140683.0,135364.0,23216.0,27813.0,19656.0,118823.0,116809.0,115394.0,-0.8229838658936557,-0.5680647467311568,0.9350162426854157,-0.35460488704253335,-0.23931566428756135,0.9709418174260511,86.0,24442.355000000014,12505.19,19,5
2025-05-18,5446.53,3904.12,0.0,2621.63,0.0,121652,106.32,0,109840,16911,45820.0,9.723612705474853,8.222761092643546,8.54985227438962,7.083331388283271,8.939300210069916,9.675645187907124,9.802067307061792,9.714124326551845,8.569256045980165,8.91577402781177,8.059325171624085,8.18809337301909,6.23399076024044,6.92615665552324,7.429659218705825,7.776058994063501,7.123423607874407,8.568441116787708,7.905724572758109,8.59868742270257,104.39,103.87,110.42,0.0,1.0,0.0,119720.0,121797.0,161475.0,27437.0,23216.0,15104.0,120169.0,118823.0,116462.0,-0.885456025653209,-0.4647231720437701,0.8229838658936584,-0.5680647467311528,0.12053668025531952,0.9927088740980544,87.0,35897.10500000001,16216.664166666667,20,5
2025-05-25,4837.59,3875.86,2861.06,2757.17,1709.03,123619,111.43,1,79942,14290,1.0,9.720277559257754,8.611623872787511,8.765672320096416,7.844690083950772,9.134371361340524,9.723612705474853,9.675645187907124,9.694715888127543,8.222761092643546,8.569256045980165,8.502585237210958,8.54985227438962,8.18809337301909,6.579989643742051,7.083331388283271,7.429659218705825,6.777183819078665,8.939300210069916,8.568441116787708,8.252190188785729,106.32,104.39,105.34,0.0,0.0,1.0,109840.0,119720.0,140683.0,16911.0,27437.0,27813.0,121652.0,120169.0,116809.0,-0.9350162426854141,-0.3546048870425378,0.6631226582407987,-0.7485107481710981,0.4647231720437687,0.8854560256532098,88.0,35828.76000000001,16128.354166666666,21,5
2025-06-01,5290.32,2766.82,2717.23,2188.0,0.0,124372,108.64,0,123394,17874,13215.02,9.744800111054404,8.79530833346727,8.81300848160484,7.498278780568513,9.140014065434976,9.720277559257754,9.723612705474853,9.802067307061792,8.611623872787511,8.222761092643546,8.91577402781177,8.765672320096416,8.54985227438962,6.23399076024044,7.844690083950772,7.083331388283271,7.776058994063501,9.134371361340524,8.939300210069916,7.905724572758109,111.43,106.32,103.87,1.0,0.0,1.0,79942.0,109840.0,121797.0,14290.0,16911.0,23216.0,123619.0,121652.0,118823.0,-0.9709418174260522,-0.2393156642875571,0.46472317204376734,-0.8854560256532106,0.7485107481711013,0.663122658240795,89.0,39021.92750000001,17108.619166666667,22,6
2025-06-08,5226.27,3039.0,0.0,2892.78,0.0,125905,107.71,0,106746,28110,29931.84,9.75808738268909,8.448797470519544,8.941887533183014,7.151934653669457,9.172655309071555,9.744800111054404,9.720277559257754,9.675645187907124,8.79530833346727,8.611623872787511,8.569256045980165,8.81300848160484,8.765672320096416,8.18809337301909,7.498278780568513,7.844690083950772,7.429659218705825,9.140014065434976,9.134371361340524,8.568441116787708,108.64,111.43,104.39,0.0,1.0,0.0,123394.0,79942.0,119720.0,17874.0,14290.0,27437.0,124372.0,123619.0,120169.0,-0.992708874098054,-0.12053668025532294,0.23931566428755752,-0.9709418174260521,0.9350162426854137,0.3546048870425386,90.0,22241.965000000015,19527.428333333333,23,6
2025-06-15,4866.27,3968.14,0.0,771.94,0.0,127799,97.6,0,127152,19070,52896.49,9.746537270271489,8.10231258336712,8.728830634513558,6.805685483756107,9.285260964730297,9.75808738268909,9.744800111054404,9.723612705474853,8.448797470519544,8.79530833346727,8.222761092643546,8.941887533183014,8.81300848160484,8.54985227438962,7.151934653669457,7.498278780568513,7.083331388283271,9.172655309071555,9.140014065434976,8.939300210069916,107.71,108.64,106.32,0.0,0.0,0.0,106746.0,123394.0,109840.0,28110.0,17874.0,16911.0,125905.0,124372.0,121652.0,-1.0,-4.286263797015736e-16,8.572527594031472e-16,-1.0,1.0,-4.904777002955296e-16,91.0,24011.087500000016,23842.3275,24,6
2025-06-22,9325.18,3326.57,0.0,0.0,0.0,129645,98.48,0,127605,22179,887.39,9.971772854216109,7.755864424822737,8.38232408311809,6.459570513562317,9.300916602118026,9.746537270271489,9.75808738268909,9.720277559257754,8.10231258336712,8.448797470519544,8.611623872787511,8.728830634513558,8.941887533183014,8.765672320096416,6.805685483756107,7.151934653669457,7.844690083950772,9.285260964730297,9.172655309071555,9.134371361340524,97.6,107.71,111.43,0.0,0.0,1.0,127152.0,106746.0,79942.0,19070.0,28110.0,14290.0,127799.0,125905.0,123619.0,-0.9927088740980541,0.12053668025532208,-0.23931566428755585,-0.9709418174260525,0.9350162426854158,-0.3546048870425329,92.0,24232.685000000016,23869.338333333333,25,6
2025-06-29,6447.29,3879.41,0.0,0.0,2271.72,130690,94.21,1,82587,29898,1348.38,9.979946317183453,7.409468194950568,8.03584529246635,7.909747727179378,9.360581391957828,9.971772854216109,9.746537270271489,9.744800111054404,7.755864424822737,8.10231258336712,8.79530833346727,8.38232408311809,8.728830634513558,8.81300848160484,6.459570513562317,6.805685483756107,7.498278780568513,9.300916602118026,9.285260964730297,9.140014065434976,98.48,97.6,108.64,0.0,0.0,0.0,127605.0,127152.0,123394.0,22179.0,19070.0,17874.0,129645.0,127799.0,124372.0,-0.9709418174260523,0.23931566428755627,-0.46472317204376584,-0.8854560256532114,0.7485107481711006,-0.6631226582407957,93.0,21266.025000000012,20168.510833333334,26,6
2025-07-06,5511.32,0.0,3049.32,0.0,1536.56,132134,93.59,1,105789,19282,1172.46,9.941623531902195,8.346982058612982,7.689405753766469,8.149833349777934,9.014043444142628,9.979946317183453,9.971772854216109,9.75808738268909,7.409468194950568,7.755864424822737,8.448797470519544,8.03584529246635,8.38232408311809,8.941887533183014,7.909747727179378,6.459570513562317,7.151934653669457,9.360581391957828,9.300916602118026,9.172655309071555,94.21,98.48,107.71,1.0,0.0,0.0,82587.0,127605.0,106746.0,29898.0,22179.0,28110.0,130690.0,129645.0,125905.0,-0.9350162426854149,0.35460488704253534,-0.6631226582407947,-0.7485107481711015,0.46472317204377095,-0.8854560256532087,94.0,14076.180000000015,20253.5,27,7
2025-07-13,4296.42,0.0,0.0,0.0,0.0,132912,93.96,0,136427,21019,744.42,9.85159347357171,8.000506678113398,7.343021710377953,7.8033793703789,8.667520257751148,9.941623531902195,9.979946317183453,9.746537270271489,8.346982058612982,7.409468194950568,8.10231258336712,7.689405753766469,8.03584529246635,8.728830634513558,8.149833349777934,7.909747727179378,6.805685483756107,9.014043444142628,9.360581391957828,9.285260964730297,93.59,94.21,97.6,1.0,1.0,0.0,105789.0,82587.0,127152.0,19282.0,29898.0,19070.0,132134.0,130690.0,127799.0,-0.8854560256532104,0.4647231720437678,-0.8229838658936555,-0.5680647467311573,0.12053668025532208,-0.9927088740980541,95.0,1038.1625000000145,20315.451666666668,28,7
2025-07-20,3298.61,0.0,0.0,0.0,0.0,133834,88.72,0,138355,27012,891.25,9.724711459259469,7.654071960973555,6.996716118564443,7.456974911009515,8.321017944997166,9.85159347357171,9.941623531902195,9.971772854216109,8.000506678113398,8.346982058612982,7.755864424822737,7.343021710377953,7.689405753766469,8.38232408311809,7.8033793703789,8.149833349777934,6.459570513562317,8.667520257751148,9.014043444142628,9.300916602118026,93.96,93.59,98.48,0.0,1.0,0.0,136427.0,105789.0,127605.0,21019.0,19282.0,22179.0,132912.0,132134.0,129645.0,-0.8229838658936562,0.5680647467311561,-0.935016242685415,-0.35460488704253496,-0.23931566428755538,-0.9709418174260526,96.0,1039.1275000000146,20366.857500000002,29,7
2025-07-27,6914.68,3837.16,0.0,0.0,0.0,134719,90.1,0,87947,32300,1488.14,9.838519272939816,7.3076947340548015,6.6505214127825205,7.110640459135406,8.816289239065346,9.724711459259469,9.85159347357171,9.979946317183453,7.654071960973555,8.000506678113398,7.409468194950568,6.996716118564443,7.343021710377953,8.03584529246635,7.456974911009515,7.8033793703789,7.909747727179378,8.321017944997166,8.667520257751148,9.360581391957828,88.72,93.96,94.21,0.0,0.0,1.0,138355.0,136427.0,82587.0,27012.0,21019.0,29898.0,133834.0,132912.0,130690.0,-0.7485107481711012,0.6631226582407951,-0.992708874098054,-0.12053668025532342,-0.5680647467311509,-0.8229838658936597,97.0,1074.0675000000147,20454.006666666664,30,7
2025-08-03,6649.67,0.0,0.0,0.0,2308.36,135926,89.79,0,131738,21383,1177.78,9.898601556405419,6.9613987776963135,6.3044834011556,8.063003219835009,8.469777073791565,9.838519272939816,9.724711459259469,9.941623531902195,7.3076947340548015,7.654071960973555,8.346982058612982,6.6505214127825205,6.996716118564443,7.689405753766469,7.110640459135406,7.456974911009515,8.149833349777934,8.816289239065346,8.321017944997166,9.014043444142628,90.1,88.72,93.59,0.0,0.0,1.0,87947.0,138355.0,105789.0,32300.0,27012.0,19282.0,134719.0,133834.0,132134.0,-0.6631226582407957,0.7485107481711006,-0.9927088740980542,0.12053668025532159,-0.8229838658936551,-0.5680647467311576,98.0,1075.3975000000146,12464.514166666668,31,8
2025-08-10,4103.29,0.0,2546.4,0.0,1987.81,137218,93.05,0,132583,26178,950.45,9.807900709098735,8.099483581115713,5.958666744130739,8.35067401659855,8.123290345147955,9.898601556405419,9.838519272939816,9.85159347357171,6.9613987776963135,7.3076947340548015,8.000506678113398,6.3044834011556,6.6505214127825205,7.343021710377953,8.063003219835009,7.110640459135406,7.8033793703789,8.469777073791565,8.816289239065346,8.667520257751148,89.79,90.1,93.96,0.0,0.0,0.0,131738.0,87947.0,136427.0,21383.0,32300.0,21019.0,135926.0,134719.0,132912.0,-0.5680647467311554,0.8229838658936567,-0.9350162426854145,0.35460488704253657,-0.9709418174260523,-0.23931566428755635,99.0,1126.9050000000145,8725.385,32,8
2025-08-17,7929.61,0.0,3342.8,2410.68,1432.37,138794,96.91,0,92396,39918,170470.1,9.94188260730668,8.643196728448599,7.8953203439851185,8.395221961497075,7.776839582893581,9.807900709098735,9.898601556405419,9.724711459259469,8.099483581115713,6.9613987776963135,7.654071960973555,5.958666744130739,6.3044834011556,6.996716118564443,8.35067401659855,8.063003219835009,7.456974911009515,8.123290345147955,8.469777073791565,8.321017944997166,93.05,89.79,88.72,0.0,0.0,0.0,132583.0,131738.0,138355.0,26178.0,21383.0,27012.0,137218.0,135926.0,133834.0,-0.4647231720437686,0.8854560256532099,-0.8229838658936565,0.5680647467311557,-0.9927088740980542,0.1205366802553211,100.0,43521.617500000015,22931.14333333333,33,8
2025-08-24,4090.74,0.0,0.0,2231.4,1666.77,140404,94.88,0,121519,16819,193527.33,9.840905267016083,8.29669617060863,8.326046007374275,8.475667824233346,7.430439671922636,9.94188260730668,9.807900709098735,9.838519272939816,8.643196728448599,8.099483581115713,7.3076947340548015,7.8953203439851185,5.958666744130739,6.6505214127825205,8.395221961497075,8.35067401659855,7.110640459135406,7.776839582893581,8.123290345147955,8.816289239065346,96.91,93.05,90.1,0.0,0.0,0.0,92396.0,132583.0,87947.0,39918.0,26178.0,32300.0,138794.0,137218.0,134719.0,-0.3546048870425362,0.9350162426854146,-0.6631226582407961,0.7485107481711003,-0.8854560256532124,0.4647231720437638,101.0,91531.41500000001,37957.16916666667,34,8
2025-08-31,4116.7,0.0,0.0,782.06,0.0,141670,95.56,0,111165,25311,65119.2,9.764294832844937,7.950225854691394,8.216829122114243,8.129180585435677,7.084111649794378,9.840905267016083,9.94188260730668,9.898601556405419,8.29669617060863,8.643196728448599,6.9613987776963135,8.326046007374275,7.8953203439851185,6.3044834011556,8.475667824233346,8.395221961497075,8.063003219835009,7.430439671922636,7.776839582893581,8.469777073791565,94.88,96.91,89.79,0.0,0.0,0.0,121519.0,92396.0,131738.0,16819.0,39918.0,21383.0,140404.0,138794.0,135926.0,-0.2393156642875589,0.9709418174260518,-0.4647231720437706,0.8854560256532088,-0.6631226582407965,0.7485107481711,102.0,107516.77000000002,40889.449166666665,35,8
2025-09-07,4795.53,0.0,0.0,0.0,0.0,143477,93.65,0,93768,34203,864.1,9.746853282950351,7.60379829821094,7.87036739226255,7.782729101865335,6.737885242412411,9.764294832844937,9.840905267016083,9.807900709098735,7.950225854691394,8.29669617060863,8.099483581115713,8.216829122114243,8.326046007374275,5.958666744130739,8.129180585435677,8.475667824233346,8.35067401659855,7.084111649794378,7.430439671922636,8.123290345147955,95.56,94.88,93.05,0.0,0.0,0.0,111165.0,121519.0,132583.0,25311.0,16819.0,26178.0,141670.0,140404.0,137218.0,-0.12053668025532475,0.9927088740980538,-0.2393156642875611,0.9709418174260512,-0.3546048870425338,0.9350162426854155,103.0,107495.18250000001,36553.416666666664,36,9
